Word,Count
and,6
a,5
of,4
to,4
for,3
accuracy,2
knowledge,2
in,2
it,2
an,2
as,2
content,2
across,2
wikipedia,2
the,2
information,2
wikipedias,1
striving,1
accessibility,1
maintain,1
available,1
about,1
openediting,1
occasional,1
repository,1
embodies,1
launched,1
approach,1
employs,1
broad,1
worldwide,1
create,1
guidelines,1
connection,1
model,1
dynamic,1
has,1
strict,1
resource,1
collaborative,1
2001,1
its,1
refine,1
history,1
volunteers,1
sharing,1
users,1
efforts,1
inclusivity,1
globe,1
spectrum,1
anyone,1
offering,1
science,1
unique,1
playing,1
internet,1
accessible,1
communitydriven,1
role,1
serves,1
reliability,1
learning,1
platform,1
goto,1
integral,1
continues,1
collective,1
grown,1
arts,1
on,1
allows,1
fostering,1
exponentially,1
requirements,1
languages,1
citation,1
topics,1
more,1
multiple,1
contributing,1
seekers,1
concerns,1
despite,1
editing,1
with,1
modify,1
evolve,1
encyclopedia,1
culture,1
online,1
vast,1
freely,1
articles,1
